<?xml version="1.0" encoding="UTF-8"?>
<!DOCTYPE hibernate-configuration PUBLIC
        "-//Hibernate/Hibernate Configuration DTD 3.0//EN"
        "http://hibernate.org/dtd/hibernate-configuration-3.0.dtd">
<hibernate-configuration>
    <session-factory>
    
    <!-- Datasource (driverclass, url, user, password)-->
    
        <property name="hibernate.connection.driver_class">com.mysql.cj.jdbc.Driver</property>
        <property name="hibernate.connection.url">jdbc:mysql://localhost:3306/195_product_360</property>
        <property name="hibernate.connection.username">root</property>
        <property name="hibernate.connection.password">Dipak/13</property>
        
        
        <!-- Others are Hibernate related properties -->
        
        <property name="hibernate.connection.pool_size">1</property> <!-- Given bydefault (Not necessary to give) -->
        <property name="hibernate.current_session_context_class">thread</property> <!-- Given bydefault (Not necessary to give) -->
        <property name="hibernate.show_sql">true</property> <!-- to understand query on console we use it -->
        <property name = "hibernate.hbm2ddl.auto">update</property>
        <property name="hibernate.dialect">org.hibernate.dialect.MySQL8Dialect</property> <!-- tells which database we have  -->

       
    </session-factory>
</hibernate-configuration>